,qiao,wu,yao,wang,lijh,deng,zhang,su
lijc,1.0,1.0,1.0,1.0,0.9833333333333333,0.9833333333333333,0.9833333333333333,1.0
su,1.0,0.9666666666666667,0.9833333333333333,1.0,1.0,0.9833333333333333,1.0,
zhang,0.9,1.0,1.0,1.0,1.0,1.0,,
deng,0.9833333333333333,0.8,0.7833333333333333,1.0,0.9666666666666667,,,
lijh,0.9666666666666667,0.9833333333333333,0.9833333333333333,1.0,,,,
wang,1.0,1.0,1.0,,,,,
yao,1.0,0.7833333333333333,,,,,,
wu,0.9666666666666667,,,,,,,
